feature_id,type,phylum,class,order,family,genus,reads
e31b5affbe5e23b79a8619589f3b6620,chloroplast,Cyanobacteria,Chloroplast,Streptophyta,NA,NA,771
fc5b641a0b0408d99ddfb2a5ba64da59,chloroplast,Cyanobacteria,Chloroplast,Streptophyta,NA,NA,304
e0472171de6fa02a1f58e392ad3d000e,chloroplast,Cyanobacteria,Chloroplast,Streptophyta,NA,NA,299
4980b85712efeef1fc4563a9a949fe2e,chloroplast,Cyanobacteria,Chloroplast,Streptophyta,NA,NA,184
96a7dbb0e2c57e289c05b82e2db880be,chloroplast,Cyanobacteria,Chloroplast,Streptophyta,NA,NA,72
3b74a95b189e134bb34c191b7693455d,chloroplast,Cyanobacteria,Chloroplast,Streptophyta,NA,NA,49
5ed23cabf504db9af85bce57e9008ea2,chloroplast,Cyanobacteria,Chloroplast,Streptophyta,NA,NA,20
b3406cb10b6d6882837eaacbaec3553e,chloroplast,Cyanobacteria,Chloroplast,NA,NA,NA,11
b65f8931698507015de2e1c5f0961cd3,chloroplast,Cyanobacteria,Chloroplast,Streptophyta,NA,NA,11
0bf5530da55bc16c52034db82e5434af,chloroplast,Cyanobacteria,Chloroplast,Chlorophyta,NA,NA,7
d0dee8a51da30ed74bcadcd7d8e43537,chloroplast,Cyanobacteria,Chloroplast,Chlorophyta,NA,NA,3
26583b57be9de00bee14d30f2dc986d8,chloroplast,Cyanobacteria,Chloroplast,Chlorophyta,Trebouxiophyceae,NA,3
f8a71161ac98c5ceafcc75e57ace7230,mitochondria,Proteobacteria,Alphaproteobacteria,Rickettsiales,mitochondria,NA,245
ecf9eb9fa3970ff27a221e626395c75d,mitochondria,Proteobacteria,Alphaproteobacteria,Rickettsiales,mitochondria,NA,70
bfdc8d2e7693336b4f3781920d3fa253,mitochondria,Proteobacteria,Alphaproteobacteria,Rickettsiales,mitochondria,NA,60
54a5af5112600a1faf06be268f95616e,mitochondria,Proteobacteria,Alphaproteobacteria,Rickettsiales,mitochondria,Lardizabala,57
f9bc8716f02b0a22f03b1a686895aae1,mitochondria,Proteobacteria,Alphaproteobacteria,Rickettsiales,mitochondria,Lardizabala,46
684b032107a3a32f6664dea4ef723a42,mitochondria,Proteobacteria,Alphaproteobacteria,Rickettsiales,mitochondria,NA,23
01173073677a287321be3484fbed0007,mitochondria,Proteobacteria,Alphaproteobacteria,Rickettsiales,mitochondria,Lardizabala,10
8be3d398e9e6b768ed1aa713f2981204,mitochondria,Proteobacteria,Alphaproteobacteria,Rickettsiales,mitochondria,NA,6
b9e3d6fcb82de619e9e574be03ecaa41,mitochondria,Proteobacteria,Alphaproteobacteria,Rickettsiales,mitochondria,NA,5
93982d4e0f9eb9a6179d6abd57560c26,mitochondria,Proteobacteria,Alphaproteobacteria,Rickettsiales,mitochondria,NA,5
1d7e45fd568a577b5a6a8b4a20743211,mitochondria,Proteobacteria,Alphaproteobacteria,Rickettsiales,mitochondria,NA,4
99acae6a2b24652d92a1ee4cbf8faca5,mitochondria,Proteobacteria,Alphaproteobacteria,Rickettsiales,mitochondria,NA,3
8dc69d65ac9e71a130bc6dbeb71d2f03,mitochondria,Proteobacteria,Alphaproteobacteria,Rickettsiales,mitochondria,NA,3
c89812744d8755bef87bedf499bd19cf,mitochondria,Proteobacteria,Alphaproteobacteria,Rickettsiales,mitochondria,NA,3
85943cff5ec22653bc51c22adeabe685,mitochondria,Proteobacteria,Alphaproteobacteria,Rickettsiales,mitochondria,Acanthamoeba,3
ca08eabd09756731f095632656d45b01,mitochondria,Proteobacteria,Alphaproteobacteria,Rickettsiales,mitochondria,NA,2
47c7eb4df73a5d553cd2f7a360ff5872,mitochondria,Proteobacteria,Alphaproteobacteria,Rickettsiales,mitochondria,NA,2
ad492bcae03f566b36a19e31f04d659a,mitochondria,Proteobacteria,Alphaproteobacteria,Rickettsiales,mitochondria,NA,2
