metric,body_site,subject,n,median,min,max
Shannon,gut,subject-1,4,2.55,2.18,2.87
Shannon,gut,subject-2,4,3.11,2.62,3.21
Shannon,left palm,subject-1,4,3.41,2.87,4.36
Shannon,left palm,subject-2,4,3.07,2.59,4.04
Shannon,right palm,subject-1,5,2.94,1.99,3.59
Shannon,right palm,subject-2,4,3.6,2.46,4.07
Shannon,tongue,subject-1,5,2.32,2.18,2.55
Shannon,tongue,subject-2,4,2.32,2.07,2.93
Observed ASVs,gut,subject-1,4,50.28,37.74,59.86
Observed ASVs,gut,subject-2,4,65.21,56.54,70.73
Observed ASVs,left palm,subject-1,4,87.72,76.28,123.13
Observed ASVs,left palm,subject-2,4,50.7,37.69,110.36
Observed ASVs,right palm,subject-1,5,43.97,20,52
Observed ASVs,right palm,subject-2,4,109.24,29.76,146.2
Observed ASVs,tongue,subject-1,5,25.28,20.88,27.69
Observed ASVs,tongue,subject-2,4,36.41,22.32,42.63
