sample_id,id_prefix,body_site,subject,days_since_experiment_start,reads_after_filter,shannon_mean,shannon_sd,observed_asvs_mean,observed_asvs_sd,asvs_full_depth,slope_at_rarefy_depth
L1S8,L1,gut,subject-1,0,7033,2.185,0.051,37.74,1.846,44,0.0085
L1S57,L1,gut,subject-1,84,8702,2.865,0.056,59.86,2.412,70,0.0142
L1S76,L1,gut,subject-1,112,7867,2.446,0.058,49.17,2.69,61,0.014
L1S105,L1,gut,subject-1,140,7780,2.657,0.052,51.38,2.386,63,0.015
L1S140,L1,gut,subject-2,0,7163,2.618,0.055,56.54,2.311,65,0.0142
L1S208,L1,gut,subject-2,84,8152,3.076,0.051,70.73,3.123,85,0.0195
L1S257,L1,gut,subject-2,140,6388,3.214,0.047,67.15,2.572,81,0.0171
L1S281,L1,gut,subject-2,168,6615,3.149,0.041,63.27,2.335,72,0.0135
L2S155,L2,left palm,subject-1,84,3772,3.437,0.041,88.96,2.785,103,0.0257
L2S175,L2,left palm,subject-1,112,4378,3.375,0.055,86.47,3.047,103,0.0232
L2S204,L2,left palm,subject-1,140,2992,2.872,0.064,76.28,2.225,84,0.0149
L2S222,L2,left palm,subject-1,168,2967,4.357,0.031,123.13,2.784,134,0.0213
L2S240,L2,left palm,subject-2,0,5052,2.589,0.037,37.69,1.68,44,0.0082
L2S309,L2,left palm,subject-2,84,1359,3.115,0.028,53.82,0.999,55,0.0056
L2S357,L2,left palm,subject-2,140,2300,3.032,0.034,47.57,1.037,49,0.0041
L2S382,L2,left palm,subject-2,168,4082,4.037,0.034,110.36,3.057,123,0.0231
L3S242,L3,right palm,subject-1,0,897,1.993,0.015,20,0,20,0
L3S294,L3,right palm,subject-1,84,1125,2.857,0.022,36.78,0.44,37,0.0017
L3S313,L3,right palm,subject-1,112,1103,3.088,0.021,45.79,0.456,46,0.0018
L3S341,L3,right palm,subject-1,140,915,2.938,0.013,43.97,0.223,44,9e-4
L3S360,L3,right palm,subject-1,168,830,3.587,0,52,0,52,0
L3S378,L3,right palm,subject-2,0,1249,2.458,0.028,29.76,0.474,30,0.0011
L4S63,L4,right palm,subject-2,84,9082,4.066,0.053,146.2,5.514,216,0.0628
L4S112,L4,right palm,subject-2,140,8082,3.538,0.059,111.47,4.471,155,0.0442
L4S137,L4,right palm,subject-2,168,9770,3.665,0.057,107,3.66,140,0.035
L5S104,L5,tongue,subject-1,0,1911,2.39,0.027,23.2,0.804,24,0.0023
L5S155,L5,tongue,subject-1,84,1800,2.183,0.03,20.88,0.327,21,9e-4
L5S174,L5,tongue,subject-1,112,1953,2.318,0.033,27.27,0.737,28,0.0022
L5S203,L5,tongue,subject-1,140,2112,2.552,0.029,27.69,1.143,29,0.0032
L5S222,L5,tongue,subject-1,168,2513,2.32,0.035,25.28,0.805,26,0.0022
L5S240,L5,tongue,subject-2,0,1792,2.297,0.03,22.32,0.709,23,0.0017
L6S20,L6,tongue,subject-2,84,6855,2.066,0.049,37.04,2.079,46,0.0098
L6S68,L6,tongue,subject-2,140,5980,2.351,0.043,35.77,1.814,43,0.0082
L6S93,L6,tongue,subject-2,168,6953,2.931,0.035,42.63,1.884,51,0.0094
