metric,body_site,subject,n_at_1100,median_at_1100,min_at_1100,max_at_1100,median_at_830
Shannon,gut,subject-1,4,2.56,2.18,2.87,2.55
Shannon,gut,subject-2,4,3.11,2.63,3.23,3.11
Shannon,left palm,subject-1,4,3.42,2.88,4.38,3.41
Shannon,left palm,subject-2,4,3.08,2.6,4.05,3.07
Shannon,right palm,subject-1,2,2.98,2.86,3.09,2.94
Shannon,right palm,subject-2,4,3.62,2.47,4.1,3.6
Shannon,tongue,subject-1,5,2.32,2.18,2.56,2.32
Shannon,tongue,subject-2,4,2.33,2.08,2.94,2.32
Observed ASVs,gut,subject-1,4,53.81,39.1,63.22,50.28
Observed ASVs,gut,subject-2,4,68.6,59.35,74.25,65.21
Observed ASVs,left palm,subject-1,4,93.02,79.41,127.5,87.72
Observed ASVs,left palm,subject-2,4,51.52,39.47,115.37,50.7
Observed ASVs,right palm,subject-1,2,41.5,36.99,46,43.97
Observed ASVs,right palm,subject-2,4,117.77,29.97,161.91,109.24
Observed ASVs,tongue,subject-1,5,25.71,20.96,28.38,25.28
Observed ASVs,tongue,subject-2,4,38.48,22.78,44.93,36.41
