sample_set,n_samples,distance,term,df,sum_of_squares,R2,F,p_value,note
all samples,34,bray,body_site,3,5.2199,0.423,7.9,1e-4,permutations within visit (subject x day)
all samples,34,bray,subject,1,0.7454,0.06,NA,NA,R2 descriptive only; not testable with 2 subjects
all samples,34,bray,Residual,29,6.3878,0.518,NA,NA,
all samples,34,bray,Total,33,12.3417,1,NA,NA,
all samples,34,jaccard,body_site,3,4.6095,0.349,5.56,1e-4,permutations within visit (subject x day)
all samples,34,jaccard,subject,1,0.5912,0.045,NA,NA,R2 descriptive only; not testable with 2 subjects
all samples,34,jaccard,Residual,29,8.0203,0.607,NA,NA,
all samples,34,jaccard,Total,33,13.2157,1,NA,NA,
all samples,34,bray_relabund,body_site,3,5.274,0.429,8.11,1e-4,permutations within visit (subject x day)
all samples,34,bray_relabund,subject,1,0.7427,0.06,NA,NA,R2 descriptive only; not testable with 2 subjects
all samples,34,bray_relabund,Residual,29,6.283,0.511,NA,NA,
all samples,34,bray_relabund,Total,33,12.2884,1,NA,NA,
without 3 flagged palms,31,bray,body_site,3,5.7309,0.514,10.38,1e-4,permutations within visit (subject x day)
without 3 flagged palms,31,bray,subject,1,0.636,0.057,NA,NA,R2 descriptive only; not testable with 2 subjects
without 3 flagged palms,31,bray,Residual,26,4.7851,0.429,NA,NA,
without 3 flagged palms,31,bray,Total,30,11.148,1,NA,NA,
without 3 flagged palms,31,jaccard,body_site,3,4.9324,0.412,6.59,1e-4,permutations within visit (subject x day)
without 3 flagged palms,31,jaccard,subject,1,0.5289,0.044,NA,NA,R2 descriptive only; not testable with 2 subjects
without 3 flagged palms,31,jaccard,Residual,26,6.4906,0.543,NA,NA,
without 3 flagged palms,31,jaccard,Total,30,11.9591,1,NA,NA,
without 3 flagged palms,31,bray_relabund,body_site,3,5.7911,0.522,10.74,1e-4,permutations within visit (subject x day)
without 3 flagged palms,31,bray_relabund,subject,1,0.6326,0.057,NA,NA,R2 descriptive only; not testable with 2 subjects
without 3 flagged palms,31,bray_relabund,Residual,26,4.6753,0.421,NA,NA,
without 3 flagged palms,31,bray_relabund,Total,30,11.095,1,NA,NA,
without day 0 (post hoc),27,bray,body_site,3,4.7321,0.494,8.1,1e-4,permutations within visit (subject x day)
without day 0 (post hoc),27,bray,subject,1,0.5724,0.06,NA,NA,R2 descriptive only; not testable with 2 subjects
without day 0 (post hoc),27,bray,Residual,22,4.2822,0.447,NA,NA,
without day 0 (post hoc),27,bray,Total,26,9.5809,1,NA,NA,
without day 0 (post hoc),27,jaccard,body_site,3,4.2665,0.413,5.65,1e-4,permutations within visit (subject x day)
without day 0 (post hoc),27,jaccard,subject,1,0.5143,0.05,NA,NA,R2 descriptive only; not testable with 2 subjects
without day 0 (post hoc),27,jaccard,Residual,22,5.5346,0.536,NA,NA,
without day 0 (post hoc),27,jaccard,Total,26,10.3196,1,NA,NA,
without day 0 (post hoc),27,bray_relabund,body_site,3,4.7855,0.502,8.4,1e-4,permutations within visit (subject x day)
without day 0 (post hoc),27,bray_relabund,subject,1,0.5694,0.06,NA,NA,R2 descriptive only; not testable with 2 subjects
without day 0 (post hoc),27,bray_relabund,Residual,22,4.1797,0.439,NA,NA,
without day 0 (post hoc),27,bray_relabund,Total,26,9.5286,1,NA,NA,
