sample_id,body_site,subject,days_since_experiment_start,Firmicutes,Proteobacteria,Bacteroidetes,Actinobacteria,Fusobacteria,Verrucomicrobia,Other,Unassigned
L1S8,gut,subject-1,0,13.01,4.44,66.57,0,0,8.28,0,7.71
L1S57,gut,subject-1,84,35.88,2.17,55.68,0,0,0.37,0,5.91
L1S76,gut,subject-1,112,31.49,4.12,62.29,0,0,0.11,0,2
L1S105,gut,subject-1,140,33.32,2.02,59.81,0,0.4,2.58,0,1.88
L1S140,gut,subject-2,0,25.21,2.28,68.64,0.1,0,0,0,3.77
L1S208,gut,subject-2,84,34.31,0.58,63.29,0,0,0.04,0,1.79
L1S257,gut,subject-2,140,35.07,2.38,60.75,0,0,0.09,0,1.71
L1S281,gut,subject-2,168,43.75,1.39,53.29,0,0,0,0,1.57
L2S155,left palm,subject-1,84,21.71,34.49,2.65,31.36,2.01,0.08,0.27,7.42
L2S175,left palm,subject-1,112,40.04,13.34,6.72,33.07,2.42,0,0.05,4.36
L2S204,left palm,subject-1,140,13.34,63.03,13.57,4.08,1.14,0,0.17,4.68
L2S222,left palm,subject-1,168,15.27,52.58,15.91,8.36,2.12,0,0.34,5.43
L2S240,left palm,subject-2,0,23.61,51.29,6.89,4.63,0.77,0,0,12.81
L2S309,left palm,subject-2,84,52.32,16.85,5.59,12.36,1.32,0.15,0,11.41
L2S357,left palm,subject-2,140,49.78,26,3,16.35,0.83,0,0,4.04
L2S382,left palm,subject-2,168,32.9,18.64,18.28,7.94,14.99,0,1.1,6.15
L3S242,right palm,subject-1,0,11.37,7.13,71.46,0,0,2.56,0,7.47
L3S294,right palm,subject-1,84,18.04,37.87,0.98,38.49,0.8,0,0,3.82
L3S313,right palm,subject-1,112,47.96,10.34,2.99,32.55,1.18,0,0.54,4.44
L3S341,right palm,subject-1,140,24.7,52.02,12.57,7.32,1.09,0,0,2.3
L3S360,right palm,subject-1,168,13.01,60.72,11.81,9.76,2.53,0,0,2.17
L3S378,right palm,subject-2,0,29.14,2.4,65.65,0,0,0,0,2.8
L4S63,right palm,subject-2,84,38.79,20.62,5,16.4,3.3,0.07,1,14.82
L4S112,right palm,subject-2,140,53.07,22.95,4.84,14.81,1.04,0.04,0.25,3.01
L4S137,right palm,subject-2,168,36.61,31.35,13.35,10.85,4.68,0,0.45,2.71
L5S104,tongue,subject-1,0,36.42,29.15,13.92,10.78,0.42,0,0,9.31
L5S155,tongue,subject-1,84,31.56,54.61,7.67,3.56,0.28,0,0,2.33
L5S174,tongue,subject-1,112,31.34,18.43,39.78,4.2,0.41,0,0,5.84
L5S203,tongue,subject-1,140,33.95,41.43,8.95,5.07,0.76,0,0,9.85
L5S222,tongue,subject-1,168,22.32,35.3,19.14,1.75,0.96,0,0,20.53
L5S240,tongue,subject-2,0,21.88,54.97,7.42,5.8,0.39,0,0,9.54
L6S20,tongue,subject-2,84,14.94,66.54,5.46,2.92,0.67,0,0,9.48
L6S68,tongue,subject-2,140,21.54,51,6.2,4.31,1.54,0,0,15.4
L6S93,tongue,subject-2,168,19.82,31.28,36.93,0.75,2.91,0,0.03,8.28
