sample_id,median_bc_between_rarefactions,body_site,subject,reads_after_filter
L1S105,0.096,gut,subject-1,7780
L1S57,0.103,gut,subject-1,8702
L1S76,0.087,gut,subject-1,7867
L1S8,0.075,gut,subject-1,7033
L1S140,0.093,gut,subject-2,7163
L1S208,0.116,gut,subject-2,8152
L1S257,0.119,gut,subject-2,6388
L1S281,0.111,gut,subject-2,6615
L2S155,0.131,left palm,subject-1,3772
L2S175,0.133,left palm,subject-1,4378
L2S204,0.105,left palm,subject-1,2992
L2S222,0.169,left palm,subject-1,2967
L2S240,0.077,left palm,subject-2,5052
L2S309,0.07,left palm,subject-2,1359
L2S357,0.084,left palm,subject-2,2300
L2S382,0.159,left palm,subject-2,4082
L3S242,0.017,right palm,subject-1,897
L3S294,0.046,right palm,subject-1,1125
L3S313,0.054,right palm,subject-1,1103
L3S341,0.03,right palm,subject-1,915
L3S360,0,right palm,subject-1,830
L3S378,0.046,right palm,subject-2,1249
L4S112,0.155,right palm,subject-2,8082
L4S137,0.163,right palm,subject-2,9770
L4S63,0.193,right palm,subject-2,9082
L5S104,0.049,tongue,subject-1,1911
L5S155,0.05,tongue,subject-1,1800
L5S174,0.059,tongue,subject-1,1953
L5S203,0.063,tongue,subject-1,2112
L5S222,0.057,tongue,subject-1,2513
L5S240,0.052,tongue,subject-2,1792
L6S20,0.07,tongue,subject-2,6855
L6S68,0.074,tongue,subject-2,5980
L6S93,0.101,tongue,subject-2,6953
