subject,body_site,sample_from,sample_to,day_from,day_to,gap_days,bray_curtis,involves_day0,involves_flagged_palm,prefix_change
subject-1,gut,L1S8,L1S57,0,84,84,0.387,TRUE,FALSE,FALSE
subject-1,gut,L1S57,L1S76,84,112,28,0.245,FALSE,FALSE,FALSE
subject-1,gut,L1S76,L1S105,112,140,28,0.311,FALSE,FALSE,FALSE
subject-1,left palm,L2S155,L2S175,84,112,28,0.592,FALSE,FALSE,FALSE
subject-1,left palm,L2S175,L2S204,112,140,28,0.797,FALSE,FALSE,FALSE
subject-1,left palm,L2S204,L2S222,140,168,28,0.745,FALSE,FALSE,FALSE
subject-1,right palm,L3S242,L3S294,0,84,84,0.995,TRUE,TRUE,FALSE
subject-1,right palm,L3S294,L3S313,84,112,28,0.612,FALSE,FALSE,FALSE
subject-1,right palm,L3S313,L3S341,112,140,28,0.743,FALSE,FALSE,FALSE
subject-1,right palm,L3S341,L3S360,140,168,28,0.733,FALSE,FALSE,FALSE
subject-1,tongue,L5S104,L5S155,0,84,84,0.356,TRUE,FALSE,FALSE
subject-1,tongue,L5S155,L5S174,84,112,28,0.504,FALSE,FALSE,FALSE
subject-1,tongue,L5S174,L5S203,112,140,28,0.441,FALSE,FALSE,FALSE
subject-1,tongue,L5S203,L5S222,140,168,28,0.244,FALSE,FALSE,FALSE
subject-2,gut,L1S140,L1S208,0,84,84,0.349,TRUE,FALSE,FALSE
subject-2,gut,L1S208,L1S257,84,140,56,0.294,FALSE,FALSE,FALSE
subject-2,gut,L1S257,L1S281,140,168,28,0.322,FALSE,FALSE,FALSE
subject-2,left palm,L2S240,L2S309,0,84,84,0.854,TRUE,TRUE,FALSE
subject-2,left palm,L2S309,L2S357,84,140,56,0.414,FALSE,FALSE,FALSE
subject-2,left palm,L2S357,L2S382,140,168,28,0.732,FALSE,FALSE,FALSE
subject-2,right palm,L3S378,L4S63,0,84,84,0.996,TRUE,TRUE,TRUE
subject-2,right palm,L4S63,L4S112,84,140,56,0.516,FALSE,FALSE,FALSE
subject-2,right palm,L4S112,L4S137,140,168,28,0.58,FALSE,FALSE,FALSE
subject-2,tongue,L5S240,L6S20,0,84,84,0.352,TRUE,FALSE,TRUE
subject-2,tongue,L6S20,L6S68,84,140,56,0.301,FALSE,FALSE,FALSE
subject-2,tongue,L6S68,L6S93,140,168,28,0.411,FALSE,FALSE,FALSE
