pattern,rank_in_pattern,genus,phylum,higher_in,present_gut,present_tongue,mean_pct_gut,mean_pct_tongue,effect,median_paired_diff_clr,mad_paired_diff,overlap,wi.ep,wi.eBH,effect_zero_denom,effect_shift_min,effect_shift_max,sign_stable,informative_visits,tongue_higher_visits,s1_informative,s1_tongue_higher,s2_informative,s2_tongue_higher,no_day0_informative,no_day0_tongue_higher,consistent_all_visits,consistent_both_subjects
shared,1,Bacteroides,Bacteroidetes,gut,8,7,56.24,0.27,-9.21,-8.86,0.96,0,0.00781,0.0219,-7.49,-7.9,-1.35,TRUE,8,0,4,0,4,0,6,0,TRUE,TRUE
shared,2,Unassigned (f. Lachnospiraceae),Firmicutes,gut,8,8,10.62,1.64,-4.25,-3.59,0.84,0,0.00781,0.0219,-4.72,-8.05,2.92,FALSE,8,0,4,0,4,0,6,0,TRUE,TRUE
shared,3,Pasteurellaceae (GG: Gallibacterium),Proteobacteria,tongue,2,8,0.02,19.2,3.1,10.3,3.32,0,0.00781,0.0219,2.84,1.64,5.07,TRUE,8,8,4,4,4,4,6,6,TRUE,TRUE
shared,4,Unassigned (o. Clostridiales),Firmicutes,gut,8,1,1.98,0.02,-2.91,-8.1,2.78,0,0.00781,0.0219,-3.04,-4.69,-0.52,TRUE,8,0,4,0,4,0,6,0,TRUE,TRUE
shared,5,Unassigned (f. Veillonellaceae),Firmicutes,tongue,3,8,0.03,7.07,2.46,7.99,3.25,0,0.00781,0.0219,2.35,0.96,4.51,TRUE,8,8,4,4,4,4,6,6,TRUE,TRUE
shared,6,Streptococcus,Firmicutes,tongue,4,8,0.08,15.03,2.42,8.57,3.54,0,0.00781,0.0219,2.29,0.96,3.97,TRUE,8,8,4,4,4,4,6,6,TRUE,TRUE
shared,7,Prevotella,Bacteroidetes,tongue,2,8,0.23,11.9,2.42,9.7,4,0,0.00793,0.0222,2.29,1.07,3.62,TRUE,8,8,4,4,4,4,6,6,TRUE,TRUE
shared,8,Unassigned (f. Neisseriaceae),Proteobacteria,tongue,1,6,0.01,14.98,1.3,9.03,6.96,0.12,0.032,0.0643,1.23,0.61,2.42,TRUE,6,6,2,2,4,4,4,4,TRUE,TRUE
shared,9,Porphyromonas,Bacteroidetes,tongue,1,5,0.01,0.3,0.98,4.02,4.1,0.18,0.114,0.174,0.89,-0.25,2.76,FALSE,5,5,1,1,4,4,4,4,TRUE,TRUE
shared,10,Unassigned (o. Bacteroidales),Bacteroidetes,gut,8,8,3.81,3.01,-0.97,-1.83,1.9,0.2,0.0508,0.0983,-1.14,-2.71,2.04,FALSE,8,1,4,0,4,1,6,1,TRUE,FALSE
shared,11,Unassigned (p. Bacteroidetes),Bacteroidetes,tongue,1,5,0.01,0.11,0.85,3,3.54,0.21,0.161,0.226,0.7,-0.58,2.75,FALSE,5,5,2,2,3,3,4,4,TRUE,TRUE
shared,12,Unassigned (c. Betaproteobacteria),Proteobacteria,tongue,2,5,0.03,7.57,0.74,4.93,6.62,0.21,0.102,0.162,0.61,-0.04,1.61,FALSE,5,5,3,3,2,2,4,4,TRUE,TRUE
shared,13,Unassigned (f. Porphyromonadaceae),Bacteroidetes,gut,3,2,0.25,0.02,-0.56,-2.31,4.12,0.34,0.442,0.518,-0.71,-1.61,0.92,FALSE,3,0,0,0,3,0,2,0,TRUE,FALSE
shared,14,Unassigned (k. Bacteria),Unassigned,tongue,8,8,3.29,8.76,0.37,0.67,1.79,0.35,0.455,0.563,0.1,-2.54,4.55,FALSE,8,6,4,2,4,4,6,5,TRUE,FALSE
shared,15,Unassigned (f. [Mogibacteriaceae]),Firmicutes,tongue,2,2,0.02,0.06,0.12,0.67,5.61,0.46,0.623,0.7,0.07,-0.67,1.34,FALSE,4,2,1,1,3,1,4,2,TRUE,FALSE
shared,16,Corynebacterium,Actinobacteria,tongue,1,1,0.01,0.02,0.08,0.38,4.53,0.47,0.591,0.667,-0.05,-0.96,1.43,FALSE,2,1,1,1,1,0,1,1,TRUE,FALSE
shared,17,Fusobacterium,Fusobacteria,tongue,1,1,0.05,0.16,0.08,0.4,5.25,0.47,0.62,0.695,-0.01,-0.88,1.31,FALSE,2,1,1,0,1,1,2,1,TRUE,FALSE
shared,18,Dialister,Firmicutes,tongue,2,2,0.03,0.08,0.03,0.17,5.62,0.49,0.675,0.742,-0.07,-0.83,1.17,FALSE,4,2,2,1,2,1,3,2,TRUE,FALSE
gut-only,1,Faecalibacterium,Firmicutes,gut,8,0,7.36,0,-3.74,-10.93,2.92,0,0.00781,0.0219,-3.91,-5.34,-1.46,TRUE,8,0,4,0,4,0,6,0,TRUE,TRUE
gut-only,2,Lachnospira,Firmicutes,gut,8,0,5.22,0,-3.26,-10.15,3.11,0,0.00781,0.0219,-3.16,-4.57,-1.08,TRUE,8,0,4,0,4,0,6,0,TRUE,TRUE
gut-only,3,Oscillospira,Firmicutes,gut,8,0,0.97,0,-2.91,-7.79,2.68,0,0.00781,0.0219,-2.93,-4.3,-0.45,TRUE,8,0,4,0,4,0,6,0,TRUE,TRUE
gut-only,4,Unassigned (f. Ruminococcaceae),Firmicutes,gut,8,0,3.5,0,-2.84,-9.41,3.32,0,0.00781,0.0219,-2.8,-3.79,-0.74,TRUE,8,0,4,0,4,0,6,0,TRUE,TRUE
gut-only,5,Blautia,Firmicutes,gut,8,0,0.81,0,-2.72,-7.45,2.74,0,0.00781,0.0219,-3.07,-4.35,-0.32,TRUE,8,0,4,0,4,0,6,0,TRUE,TRUE
gut-only,6,Desulfovibrio,Proteobacteria,gut,8,0,0.53,0,-2.68,-6.95,2.6,0,0.00781,0.0219,-2.81,-4.41,-0.12,TRUE,8,0,4,0,4,0,6,0,TRUE,TRUE
gut-only,7,Unassigned (p. Proteobacteria),Proteobacteria,gut,7,0,0.92,0,-2.17,-7.3,3.37,0.07,0.0184,0.0414,-2.23,-3.57,-0.2,TRUE,7,0,3,0,4,0,6,0,TRUE,TRUE
gut-only,8,Catenibacterium,Firmicutes,gut,6,0,0.33,0,-1.7,-5.84,3.44,0.14,0.0444,0.0842,-1.96,-2.8,0.21,FALSE,6,0,3,0,3,0,6,0,TRUE,TRUE
gut-only,9,Escherichia,Proteobacteria,gut,6,0,0.92,0,-1.56,-6.11,3.92,0.15,0.0458,0.0863,-1.71,-2.94,0.14,FALSE,6,0,3,0,3,0,4,0,TRUE,TRUE
gut-only,10,Clostridium,Firmicutes,gut,6,0,0.17,0,-1.43,-4.83,3.36,0.15,0.0734,0.125,-1.55,-2.63,0.45,FALSE,6,0,3,0,3,0,6,0,TRUE,TRUE
gut-only,11,Epulopiscium,Firmicutes,gut,6,0,0.13,0,-1.32,-4.43,3.35,0.14,0.0682,0.115,-1.43,-2.44,0.58,FALSE,6,0,4,0,2,0,5,0,TRUE,TRUE
gut-only,12,Akkermansia,Verrucomicrobia,gut,6,0,1.43,0,-1.2,-5.53,4.59,0.12,0.0398,0.0763,-1.29,-2.33,0.25,FALSE,6,0,4,0,2,0,5,0,TRUE,TRUE
gut-only,13,SMB53,Firmicutes,gut,5,0,0.07,0,-0.96,-3.51,3.65,0.2,0.148,0.214,-1.1,-2.3,0.84,FALSE,5,0,2,0,3,0,3,0,TRUE,TRUE
gut-only,14,Butyricimonas,Bacteroidetes,gut,3,0,0.08,0,-0.42,-2.19,5.18,0.36,0.397,0.478,-0.47,-1.15,0.8,FALSE,3,0,0,0,3,0,3,0,TRUE,FALSE
gut-only,15,Ruminococcus,Firmicutes,gut,3,0,0.05,0,-0.37,-1.95,5.25,0.37,0.437,0.52,-0.45,-1.2,0.79,FALSE,3,0,0,0,3,0,3,0,TRUE,FALSE
gut-only,16,Unassigned (f. Rikenellaceae),Bacteroidetes,gut,2,0,0.01,0,-0.23,-0.88,3.75,0.42,0.523,0.597,-0.35,-1.46,1.57,FALSE,2,0,2,0,0,0,2,0,TRUE,FALSE
gut-only,17,Parabacteroides,Bacteroidetes,gut,2,0,0.65,0,-0.2,-1.23,6.02,0.4,0.472,0.552,-0.27,-0.94,0.91,FALSE,2,0,0,0,2,0,2,0,TRUE,FALSE
gut-only,18,Bacillus,Firmicutes,gut,2,0,0.02,0,-0.18,-0.82,4.46,0.44,0.55,0.625,-0.28,-1.13,1.17,FALSE,2,0,0,0,2,0,2,0,TRUE,FALSE
gut-only,19,Pseudoramibacter_Eubacterium,Firmicutes,gut,1,0,0.06,0,-0.12,-0.56,4.67,0.45,0.552,0.63,-0.21,-1.07,1.22,FALSE,1,0,0,0,1,0,1,0,TRUE,FALSE
gut-only,20,WAL_1855D,Firmicutes,gut,1,0,0.01,0,-0.11,-0.43,3.86,0.46,0.613,0.683,-0.22,-1.37,1.54,FALSE,1,0,1,0,0,0,1,0,TRUE,FALSE
gut-only,21,Unassigned (f. Clostridiaceae),Firmicutes,gut,1,0,0.01,0,-0.09,-0.4,4.27,0.48,0.536,0.615,-0.2,-1.09,1.37,FALSE,1,0,0,0,1,0,1,0,TRUE,FALSE
gut-only,22,Finegoldia,Firmicutes,gut,1,0,0.02,0,-0.07,-0.25,3.82,0.47,0.521,0.601,-0.23,-1.29,1.59,FALSE,1,0,0,0,1,0,0,0,TRUE,FALSE
gut-only,23,Turicibacter,Firmicutes,gut,1,0,0,0,-0.06,-0.22,3.89,0.48,0.587,0.662,-0.17,-1.27,1.67,FALSE,1,0,1,0,0,0,1,0,TRUE,FALSE
tongue-only,1,Unassigned (o. Actinomycetales),Actinobacteria,tongue,0,8,0,4.34,3.27,9.33,2.86,0,0.00781,0.0219,2.99,1.49,5.35,TRUE,8,8,4,4,4,4,6,6,TRUE,TRUE
tongue-only,2,Unassigned (o. Bacillales),Firmicutes,tongue,0,8,0,1.6,2.91,7.99,2.75,0,0.00781,0.0219,2.58,1.06,4.93,TRUE,8,8,4,4,4,4,6,6,TRUE,TRUE
tongue-only,3,Campylobacter,Proteobacteria,tongue,0,8,0,0.92,2.63,7.35,2.79,0,0.00781,0.0219,2.41,0.84,4.78,TRUE,8,8,4,4,4,4,6,6,TRUE,TRUE
tongue-only,4,Unassigned (f. Gemellaceae),Firmicutes,tongue,0,8,0,0.77,2.56,6.77,2.65,0,0.00781,0.0219,2.32,0.66,4.58,TRUE,8,8,4,4,4,4,6,6,TRUE,TRUE
tongue-only,5,Leptotrichia,Fusobacteria,tongue,0,8,0,0.66,2.19,6.89,3.14,0,0.00787,0.0221,2.08,0.64,4.41,TRUE,8,8,4,4,4,4,6,6,TRUE,TRUE
tongue-only,6,Aggregatibacter,Proteobacteria,tongue,0,4,0,0.67,0.92,4.89,5.33,0.23,0.129,0.197,0.85,0.02,2.09,TRUE,4,4,2,2,2,2,4,4,TRUE,TRUE
tongue-only,7,[Prevotella],Bacteroidetes,tongue,0,4,0,0.15,0.87,3.53,4.07,0.22,0.147,0.217,0.74,-0.37,2.48,FALSE,4,4,1,1,3,3,4,4,TRUE,TRUE
tongue-only,8,Brachymonas,Proteobacteria,tongue,0,4,0,0.09,0.86,3.3,3.82,0.2,0.161,0.224,0.71,-0.38,2.59,FALSE,4,4,1,1,3,3,4,4,TRUE,TRUE
tongue-only,9,Mogibacterium,Firmicutes,tongue,0,4,0,0.08,0.85,3.31,3.91,0.24,0.194,0.268,0.71,-0.41,2.36,FALSE,4,4,2,2,2,2,4,4,TRUE,TRUE
tongue-only,10,Unassigned (f. Peptostreptococcaceae),Firmicutes,tongue,0,3,0,0.07,0.58,2.62,4.55,0.32,0.326,0.405,0.46,-0.54,2.17,FALSE,3,3,0,0,3,3,2,2,TRUE,FALSE
tongue-only,11,Unassigned (f. Fusobacteriaceae),Fusobacteria,tongue,0,2,0,0.1,0.52,2.39,4.57,0.31,0.319,0.396,0.46,-0.51,2.07,FALSE,2,2,0,0,2,2,2,2,TRUE,FALSE
tongue-only,12,Capnocytophaga,Bacteroidetes,tongue,0,2,0,0.02,0.47,1.65,3.52,0.33,0.383,0.465,0.28,-0.87,2.31,FALSE,2,2,0,0,2,2,2,2,TRUE,FALSE
tongue-only,13,Unassigned (f. Intrasporangiaceae),Actinobacteria,tongue,0,2,0,0.12,0.38,1.68,4.45,0.34,0.395,0.472,0.25,-0.65,1.83,FALSE,2,2,2,2,0,0,1,1,TRUE,FALSE
tongue-only,14,Actinomyces,Actinobacteria,tongue,0,2,0,0.2,0.36,1.72,4.73,0.33,0.377,0.459,0.25,-0.65,1.7,FALSE,2,2,1,1,1,1,2,2,TRUE,TRUE
tongue-only,15,Cetobacterium,Fusobacteria,tongue,0,1,0,0.01,0.29,1.05,3.58,0.39,0.485,0.558,0.12,-1.03,1.98,FALSE,1,1,0,0,1,1,1,1,TRUE,FALSE
tongue-only,16,Catonella,Firmicutes,tongue,0,1,0,0.01,0.2,0.82,4.12,0.42,0.521,0.598,0.06,-1,1.85,FALSE,1,1,0,0,1,1,1,1,TRUE,FALSE
tongue-only,17,Unassigned (c. TM7-3),TM7,tongue,0,1,0,0,0.18,0.61,3.41,0.43,0.554,0.623,0.01,-1.15,2.03,FALSE,1,1,0,0,1,1,1,1,TRUE,FALSE
